FileName,Pt_Count,Pt_Spacing,Z_Min,Z_Max
05.las,9377597,0.015921274570600,81.634600000000006,87.755600000000001
