FileName,Pt_Count,Pt_Spacing,Z_Min,Z_Max
04.las,22571652,0.010262234671500,81.700500000000005,87.579999999999998
